id,section,group,speaker,sentence,rule_candidate,llm_candidate,tone_candidate,tone_sim_info
0,0,-1,-1,春日高校の校門前。,-1,-1,[],[]
1,0,-1,-1,満開の桜が風に揺られ、淡紅色の花びらが舞い落ちる。,-1,-1,[],[]
2,0,-1,-1,朝日が差し込む教室。,-1,-1,[],[]
3,0,-1,-1,太郎は大きく伸びをしながら席に座った。,-1,-1,[],[]
4,0,0,3,「あ、太郎!朝だよ!」,-1,3,[],[]
5,0,-1,-1,元気な声をかけてきたのは、幼馴染の花子だ。,-1,-1,[],[]
6,0,-1,-1,黒髪をツインテールにしたその少女は、太郎の机に両手をついて身を乗り出している。,-1,-1,[],[]
7,0,0,0,「おはよう、花子。いつも通りだね」,0,0,[0],[0]
8,0,-1,-1,太郎は花子に笑いかけた。,-1,-1,[],[]
9,0,-1,-1,十年近く一緒にいるからか、この光景はもう日常そのものだ。,-1,-1,[],[]
10,0,0,3,「そっちこそ寝ぼけた顔してるよ!今日は新学期の朝礼があるんだから、シャキッとしないと」,3,3,[],[]
11,0,0,0,「分かったよ。朝礼か......」,0,0,[0],[0]
12,0,-1,-1,太郎がぼんやり呟いた時、後ろから思い切り肩を叩く者がいた。,-1,-1,[],[]
13,0,0,2,「おい、太郎!寝坊したのか?」,-1,2,[],[]
14,0,-1,-1,次郎だ。,-1,-1,[],[]
15,0,-1,-1,短髪で目つきの鋭い男は、太郎の最高の親友である。,-1,-1,[],[]
16,0,0,0,「次郎か。朝から元気だな」,0,0,[0],[]
17,0,0,2,「当たり前だろ。新学年だぜ。誰が新しいクラスメートか見物じゃないか」,-1,2,[0],[]
18,0,-1,-1,次郎は椅子に腰かけ、組んだ腕を机に置いた。,-1,-1,[],[]
19,0,0,3,「そういう次郎はどうなの?何か楽しみあるの?」,-1,3,[0],[]
20,0,-1,-1,花子が身を乗り出すと、次郎はやや顔を赤らめた。,-1,-1,[],[]
21,0,0,2,「別に......ただ、新しい環境って刺激があるじゃないか。それだけだよな」,0,2,[0],[0]
22,0,-1,-1,太郎は次郎の様子を見てクスリと笑った。,-1,-1,[],[]
23,0,-1,-1,相変わらずツンデレなところだ。,-1,-1,[],[]
24,0,0,0,「そんなことより、朝礼の時間だ。行くぞ」,-1,0,[0],[]
25,0,-1,-1,次郎が立ち上がると、太郎と花子も続いた。,-1,-1,[],[]
26,0,-1,-1,三人で教室を出る。,-1,-1,[],[]
27,0,-1,-1,体育館は全校生徒で満員だった。,-1,-1,[],[]
28,0,-1,-1,学年ごとに分かれて座っている。,-1,-1,[],[]
29,0,-1,-1,太郎たちは二年生の区画に座った。,-1,-1,[],[]
30,0,-1,-1,校長先生の長い挨拶が続く。,-1,-1,[],[]
31,0,-1,-1,太郎は半ば上の空になっていた。,-1,-1,[],[]
32,0,-1,-1,新学期の初日は、いつも退屈なものだ。,-1,-1,[],[]
33,0,-1,-1,「......さて、今年度は新たに一名の編入学生をお迎えすることになりました」,-1,-1,[],[]
34,0,-1,-1,校長の声が変わった。,-1,-1,[],[]
35,0,-1,-1,太郎の意識がもどる。,-1,-1,[],[]
36,0,-1,-1,「二年生の桜子さんです。前の学校から転校してきました。みんなで温かく迎えてあげてください」,-1,-1,[],[]
37,0,-1,-1,舞台の側で、一人の少女が一歩前に出た。,-1,-1,[],[]
38,0,-1,-1,白いワンピースのような制服を着た、清楚な雰囲気の少女だ。,-1,-1,[],[]
39,0,-1,-1,長い黒髪がするりと肩まで落ちている。,-1,-1,[],[]
40,0,-1,-1,その顔は......,-1,-1,[],[]
41,0,-1,-1,太郎は息を呑んだ。,-1,-1,[],[]
42,0,-1,-1,それは、子どもの頃に見た面影だった。,-1,-1,[],[]
43,0,-1,-1,あの日、転校してしまった──,-1,-1,[],[]
44,0,-1,-1,「太郎?顔赤いよ?」,-1,-1,[],[]
45,0,-1,-1,花子が心配そうに太郎を覗き込んだ。,-1,-1,[],[]
46,0,-1,-1,「え、あ......い、いや、何でもないよ」,-1,-1,[],[]
47,0,-1,-1,太郎は慌てて前を向き直した。,-1,-1,[],[]
48,0,-1,-1,しかし心臓の鼓動は収まらない。,-1,-1,[],[]
49,0,-1,-1,あの少女──桜子は、本当にあの人なのだろうか。,-1,-1,[],[]
50,1,-1,-1,朝礼が終わり、二年生の教室に戻った。,-1,-1,[],[]
51,1,-1,-1,桜子が教室に入ってくると、一気に注目が集まった。,-1,-1,[],[]
52,1,-1,-1,清楚で美しい顔立ちは、男子たちの視線を一身に集める。,-1,-1,[],[]
53,1,-1,-1,女子たちも、その優雅な立ち振る舞いに注目していた。,-1,-1,[],[]
54,1,1,-1,「それでは桜子さん、自己紹介をお願いしますね」,-1,-1,[],[]
55,1,-1,-1,担任の林田先生が促した。,-1,-1,[],[]
56,1,-1,-1,桜子は前に立ち、丁寧に一礼した。,-1,-1,[],[]
57,1,1,1,「はじめまして。桜子と申します。前の学校は東京にありました。この度、家の事情で転校してまいりました。皆様とお友達になれたら幸いです」,1,1,[],[]
58,1,-1,-1,その言葉遣いの丁寧さ、仕草の柔らかさ。,-1,-1,[],[]
59,1,-1,-1,教室はしばらく息を呑んでいた。,-1,-1,[],[]
60,1,1,-1,「いいですね。では桜子さんは......」,0,-1,[],[]
61,1,-1,-1,林田先生が教室を見渡した。,-1,-1,[],[]
62,1,1,-1,「太郎君の隣の席でいいですね。太郎君、よろしく」,-1,-1,[],[]
63,1,-1,-1,太郎は机の上でビクッと身体が跳ねた。,-1,-1,[],[]
64,1,1,0,「え、あ、はい」,0,0,[],[]
65,1,-1,-1,次郎が太郎の耳打ちした。,-1,-1,[],[]
66,1,1,2,「おい、お前ずっと上の空だぜ。何考えてんだ」,-1,2,[0],[]
67,1,1,0,「別に......」,-1,0,[0],[]
68,1,-1,-1,太郎の声は上ずっていた。,-1,-1,[],[]
69,1,-1,-1,桜子は静かに太郎の席の横に座った。,-1,-1,[],[]
70,1,-1,-1,その時、彼女は太郎に視線を向けた。,-1,-1,[],[]
71,1,-1,-1,その瞬間、太郎は確信した。,-1,-1,[],[]
72,1,-1,-1,その瞳は間違いなく、あの日の少女のものだ。,-1,-1,[],[]
73,1,-1,-1,だが、当の桜子は特に反応を示さず、前を向いたままだ。,-1,-1,[],[]
74,1,-1,-1,授業が始まった。,-1,-1,[],[]
75,1,-1,-1,太郎は何も耳に入らない。,-1,-1,[],[]
76,1,-1,-1,隣に座っているのが桜子だと意識するだけで、頭がいっぱいになってしまっていた。,-1,-1,[],[]
77,1,-1,-1,昼食時間。,-1,-1,[],[]
78,1,-1,-1,太郎は次郎と花子と一緒に屋上へ向かった。,-1,-1,[],[]
79,1,2,3,「ねえ、太郎。さっきから変だよ?」,0,3,[0],[]
80,1,-1,-1,花子が心配そうに聞く。,-1,-1,[],[]
81,1,2,0,「変?別に変じゃ......」,0,0,[0],[]
82,1,2,2,「いや、変だろ。朝礼の時から上の空だし、授業中も桜子の方を見ながら......」,2,2,[0],[]
83,1,-1,-1,次郎が暴露した。,-1,-1,[],[]
84,1,-1,-1,太郎の顔がさっと赤くなった。,-1,-1,[],[]
85,1,2,0,「そ、そんなことは......」,0,0,[0],[]
86,1,2,3,「あ、認めた!太郎、桜子さんのこと好きなの?」,-1,3,[],[]
87,1,-1,-1,花子が目をキラキラさせた。,-1,-1,[],[]
88,1,2,0,「違うよ!昔......似ている人を知ってるだけで......」,0,0,[],[]
89,1,2,2,「昔?」,2,2,[],[]
90,1,-1,-1,次郎が眉をひそめた。,-1,-1,[],[]
91,1,-1,-1,太郎は屋上の手すりに凭れて、空を見上げた。,-1,-1,[],[]
92,1,-1,-1,「小学校の時だよ。六年生の春。桜の季節だった......」,-1,-1,[],[]
93,1,-1,-1,回想シーン,-1,-1,[],[]
94,1,-1,-1,小学六年生の太郎。,-1,-1,[],[]
95,1,-1,-1,まだ今ほど背は高くない。,-1,-1,[],[]
96,1,-1,-1,その日、公園で一人の少女に出会った。,-1,-1,[],[]
97,1,-1,-1,同じくらいの背丈で、清楚な顔立ちをしている。,-1,-1,[],[]
98,1,3,-1,「あ、鬼ごっこやろうって言ったのに、逃げちゃった」,-1,-1,[0],[]
99,1,-1,-1,少女が太郎の方へ走ってくる。,-1,-1,[],[]
100,1,-1,-1,太郎は思わず手を広げた。,-1,-1,[],[]
101,1,3,0,「つかまえたよ」,0,0,[],[]
102,1,-1,-1,少女は太郎に触れると、ニッコリと笑った。,-1,-1,[],[]
103,1,-1,-1,「上手だね。また明日もやろう」,-1,-1,[],[]
104,1,-1,-1,翌日も会った。,-1,-1,[],[]
105,1,-1,-1,その翌日も。,-1,-1,[],[]
106,1,-1,-1,春が深まるにつれ、二人は毎日公園で会うようになった。,-1,-1,[],[]
107,1,-1,-1,桜の木の根元で、一緒に花びらが舞うのを見つめたこともある。,-1,-1,[],[]
108,1,4,-1,「ね、太郎君。我が家が転校することになったんだ」,-1,1,[],[]
109,1,-1,-1,その言葉は、ある日の午後に突然降ってきた。,-1,-1,[],[]
110,1,4,0,「転校?」,0,0,[],[]
111,1,4,-1,「うん。お父さんの仕事で、東京に行くことになったんだって」,-1,1,[],[]
112,1,-1,-1,少女──その名前は桜子だった──は悲しそうに呟いた。,-1,-1,[],[]
113,1,4,0,「そっか......」,0,0,[0],[]
114,1,-1,-1,太郎は何も言えなかった。,-1,-1,[],[]
115,1,-1,-1,ただ胸が痛かった。,-1,-1,[],[]
116,1,5,-1,「ね、太郎君。これからもずっと、桜のこと覚えてくれる?」,-1,1,[],[]
117,1,-1,-1,桜子は太郎の手を握った。,-1,-1,[],[]
118,1,5,0,「覚えてるよ。ずっと」,0,0,[0],[0]
119,1,-1,-1,太郎はそう約束した。,-1,-1,[],[]
120,1,-1,-1,翌日、桜子は転校してしまった。,-1,-1,[],[]
121,1,6,2,「......そっか。だからあの子に反応したわけか」,1,2,[0],[]
122,1,-1,-1,次郎が呟いた。,-1,-1,[],[]
123,1,6,0,「でも、本当に同じ人かは分からないよ。ただ似ているだけかもしれない」,-1,0,[0],[]
124,1,-1,-1,太郎は自分に言い聞かせるようにそう言った。,-1,-1,[],[]
125,1,7,3,「試してみたら?」,-1,3,[],[]
126,1,-1,-1,花子が身を乗り出した。,-1,-1,[],[]
127,1,7,3,「試す?」,-1,3,[],[]
128,1,7,3,「だって、本当に桜子さんなら、太郎のこと覚えてるかもじゃん」,-1,3,[0],[]
129,1,7,-1,「それは......」,-1,0,[],[]
130,1,-1,-1,太郎の心臓がまた高鳴った。,-1,-1,[],[]
131,2,-1,-1,放課後。,-1,-1,[],[]
132,2,-1,-1,太郎は思い切って桜子に話しかけることにした。,-1,-1,[],[]
133,2,-1,-1,教室から出る際、桜子がまだ荷物を整理していた。,-1,-1,[],[]
134,2,8,0,「あ、桜子さん」,-1,0,[],[]
135,2,-1,-1,太郎が声をかけた。,-1,-1,[],[]
136,2,-1,-1,桜子は顔を上げた。,-1,-1,[],[]
137,2,8,1,「はい。何か御用ですか?」,1,1,[],[]
138,2,-1,-1,その丁寧な口調。,-1,-1,[],[]
139,2,-1,-1,やはり本人なのか、それとも単なる気のせいなのか。,-1,-1,[],[]
140,2,8,-1,「あ、いや。今日が初日だから、学校の案内をしましょうか」,-1,0,[],[]
141,2,8,1,「そうですか。ありがとうございます」,1,1,[],[]
142,2,-1,-1,桜子は笑顔で立ち上がった。,-1,-1,[],[]
143,2,-1,-1,その笑顔は、子どもの頃の面影を残していた。,-1,-1,[],[]
144,2,-1,-1,二人で廊下を歩く。,-1,-1,[],[]
145,2,-1,-1,太郎は何度も桜子の顔を見つめた。,-1,-1,[],[]
146,2,9,0,「ねえ、桜子さん。前の学校はどこでした?」,0,0,[],[]
147,2,9,1,「東京の学校です。ずっとそこにいました」,1,1,[],[]
148,2,9,0,「そうですか。転校は大変だったでしょう」,-1,0,[],[]
149,2,9,1,「はい。引っ越しは大きな決断でした」,-1,1,[],[]
150,2,9,0,「転校したのはいつですか?」,-1,0,[],[]
151,2,9,1,「小学校の時と、それから今年です」,-1,1,[],[]
152,2,-1,-1,太郎の心臓が跳ねた。,-1,-1,[],[]
153,2,10,-1,「小学校の時ですか?」,-1,0,[],[]
154,2,10,-1,「はい。小学六年生の時に、引っ越してしまいました。その時のことはあまり覚えていないのですが......」,-1,1,[],[]
155,2,-1,-1,桜子の表情が少し遠くなった。,-1,-1,[],[]
156,2,10,-1,「何か思い出すことはありますか?」,-1,0,[],[]
157,2,-1,-1,太郎は思わず聞いた。,-1,-1,[],[]
158,2,10,1,「公園で誰かと遊んでいた記憶があります。でも、顔は覚えていないんです。申し訳ありません」,1,1,[],[]
159,2,-1,-1,桜子は申し訳なさそうに言った。,-1,-1,[],[]
160,2,-1,-1,太郎の胸は、希望と失望が混在した。,-1,-1,[],[]
161,2,-1,-1,やはり自分のことは覚えていないのだ。,-1,-1,[],[]
162,2,10,-1,「いや、大丈夫ですよ」,-1,0,[],[]
163,2,-1,-1,太郎は笑顔を作った。,-1,-1,[],[]
164,2,10,-1,「僕は......その人です。公園で一緒に遊んでいた」,-1,0,[],[]
165,2,-1,-1,太郎がそう言った時、桜子の歩く足が止まった。,-1,-1,[],[]
166,2,10,1,「え?」,1,1,[],[]
167,2,-1,-1,桜子は太郎を見つめた。,-1,-1,[],[]
168,2,-1,-1,その瞳には、何か思い出そうとする光があった。,-1,-1,[],[]
169,2,11,1,「太郎...... 太郎君?」,-1,1,[],[]
170,2,-1,-1,小さな声で、桜子が呟いた。,-1,-1,[],[]
171,2,11,0,「そうです。覚えてくれたんですか?」,0,0,[],[]
172,2,-1,-1,太郎は嬉しくて、声が弾んだ。,-1,-1,[],[]
173,2,11,-1,「いえ、私が......思い出そうとしているんです。公園で遊んでいた男の子。その子の名前が......太郎君だった気がします」,-1,1,[],[]
174,2,-1,-1,桜子の目には、うっすらと涙が浮かんでいた。,-1,-1,[],[]
175,2,11,1,「やっぱり」,0,1,[],[]
176,2,-1,-1,太郎も涙が込み上げてきた。,-1,-1,[],[]
177,2,11,-1,「太郎君。ずっと、覚えていてくれたのですか?」,-1,1,[],[]
178,2,-1,-1,桜子が静かに聞いた。,-1,-1,[],[]
179,2,11,0,「はい。ずっと」,0,0,[],[]
180,2,-1,-1,太郎は強く頷いた。,-1,-1,[],[]
181,3,-1,-1,れからというもの、太郎と桜子は毎日一緒に下校することになった。,-1,-1,[],[]
182,3,-1,-1,次郎と花子は、太郎が最近桜子と一緒にいることに気づいた。,-1,-1,[],[]
183,3,12,2,「へえ。やっぱり好きなんじゃん」,-1,2,[0],[]
184,3,-1,-1,次郎が昼食時に太郎に言った。,-1,-1,[],[]
185,3,12,0,「違うよ。昔の知り合いだから、案内してあげてるだけだね」,-1,0,[0],[]
186,3,-1,-1,太郎は顔を赤らめた。,-1,-1,[],[]
187,3,12,2,「嘘だ。絶対好きだ。見てみろ。今日も放課後に桜子と一緒に行ってたぞ」,-1,2,[0],[]
188,3,12,0,「そ、そっか?」,0,0,[0],[]
189,3,-1,-1,太郎は自分の気持ちを整理できていなかった。,-1,-1,[],[]
190,3,-1,-1,昔の約束、そして今の出会い。,-1,-1,[],[]
191,3,-1,-1,それが単なる懐かしさなのか、それとも別の感情なのか。,-1,-1,[],[]
192,3,-1,-1,一方、桜子は太郎との時間を大切にしていた。,-1,-1,[],[]
193,3,-1,-1,下校途中、二人は公園の近くを通った。,-1,-1,[],[]
194,3,13,-1,「この公園ですね」,-1,1,[],[]
195,3,-1,-1,桜子が呟いた。,-1,-1,[],[]
196,3,13,0,「そうだね。ここで毎日遊んでいた」,-1,0,[0],[]
197,3,-1,-1,太郎がそう言うと、桜子は公園の中へ歩いて行った。,-1,-1,[],[]
198,3,14,-1,「あ、桜の木......」,-1,0,[],[]
199,3,-1,-1,昔と変わらぬ桜の木が、そこにあった。,-1,-1,[],[]
200,3,14,0,「そっか。この木を見て、思い出したんだ」,0,0,[0],[]
201,3,-1,-1,太郎も桜の木の前に立った。,-1,-1,[],[]
202,3,14,-1,「太郎君。ずっと私のことを覚えていてくれたんですね」,-1,1,[],[]
203,3,-1,-1,桜子が静かに言った。,-1,-1,[],[]
204,3,14,0,「当たり前だよ。約束したから」,0,0,[0],[]
205,3,-1,-1,太郎が微笑むと、桜子も微笑んだ。,-1,-1,[],[]
206,3,-1,-1,その時、太郎の心の中で何かが変わった。,-1,-1,[],[]
207,3,-1,-1,単なる懐かしさではない。,-1,-1,[],[]
208,3,-1,-1,この人を大切にしたい。,-1,-1,[],[]
209,3,-1,-1,また失いたくない。,-1,-1,[],[]
210,3,-1,-1,そう思った。,-1,-1,[],[]
211,4,-1,-1,月日は流れ、春から初夏へと季節が変わった。,-1,-1,[],[]
212,4,-1,-1,学校では修学旅行の説明会が開かれていた。,-1,-1,[],[]
213,4,15,-1,「今年は京都に行きます。古都の文化を学ぶいい機会ですね」,-1,-1,[],[]
214,4,-1,-1,林田先生が発表した。,-1,-1,[],[]
215,4,-1,-1,教室は歓声に包まれた。,-1,-1,[],[]
216,4,15,3,「修学旅行か。いいなあ」,3,3,[0],[]
217,4,-1,-1,花子が興奮して言った。,-1,-1,[],[]
218,4,-1,-1,次郎は腕を組んだ。,-1,-1,[],[]
219,4,15,0,「まあ、いつもと違う環境だ。それなりに楽しみはあるだろ」,-1,0,[0],[]
220,4,-1,-1,太郎は、隣の桜子の反応を見ていた。,-1,-1,[],[]
221,4,-1,-1,桜子は静かに話を聞いていた。,-1,-1,[],[]
222,4,-1,-1,その表情には、何か不安なものが混じっているように見えた。,-1,-1,[],[]
223,4,-1,-1,放課後、太郎は桜子に話しかけた。,-1,-1,[],[]
224,4,16,0,「修学旅行、楽しみですか?」,0,0,[],[]
225,4,16,-1,「はい。京都には......昔の思い出があります」,-1,1,[],[]
226,4,-1,-1,桜子が言った。,-1,-1,[],[]
227,4,16,0,「思い出?」,-1,0,[],[]
228,4,16,-1,「はい。両親と一緒に行ったことがあります。とても美しかったのを覚えています」,-1,1,[],[]
229,4,-1,-1,桜子の声は遠かった。,-1,-1,[],[]
230,4,16,0,「そうですか。なら楽しみですね」,0,0,[],[]
231,4,-1,-1,太郎は笑いかけた。,-1,-1,[],[]
232,4,-1,-1,しかし、桜子の表情は曇ったままだった。,-1,-1,[],[]
233,4,-1,-1,「太郎君。実は......」,-1,-1,[],[]
234,4,-1,-1,桜子が口を開きかけた時、一人の男性が教室に入ってきた。,-1,-1,[],[]
235,4,-1,-1,それは、学校の先生ではなく、見知らぬ大人だった。,-1,-1,[],[]
236,4,17,-1,「桜子。お父さんですよ」,-1,1,[0],[]
237,4,-1,-1,男性が言った。,-1,-1,[],[]
238,4,-1,-1,桜子が立ち上がった。,-1,-1,[],[]
239,4,17,1,「お父さん。何かご用ですか?」,1,1,[],[]
240,4,17,-1,「実は......」,-1,1,[0],[]
241,4,-1,-1,その男性は太郎に視線を向けた。,-1,-1,[],[]
242,4,17,0,「失礼。君が桜子の新しい友達かな」,-1,1,[0],[0]
243,4,17,0,「あ、はい。同じクラスの太郎です」,-1,0,[0],[]
244,4,-1,-1,太郎は頭を下げた。,-1,-1,[],[]
245,4,17,0,「そうか。よろしく頼む」,-1,1,[0],[0]
246,4,-1,-1,男性はそう言うと、桜子に目を向けた。,-1,-1,[],[]
247,4,18,-1,「実は急な話なんだが......君の伯父さんが体調を崩してね。お母さんと一緒に、今週末京都に行くことになった。修学旅行の前だから、参加できないかもしれないんだ」,-1,1,[0],[]
248,4,-1,-1,桜子の顔が青ざめた。,-1,-1,[],[]
249,4,18,-1,「え......修学旅行に参加できない?」,-1,1,[],[]
250,4,18,0,「そうなる可能性が高い。申し訳ないが、先生に連絡してくれるかな」,-1,1,[0],[0]
251,4,-1,-1,父親は申し訳なさそうに言った。,-1,-1,[],[]
252,4,-1,-1,太郎は、桜子の悔しそうな顔を見ていた。,-1,-1,[],[]
253,4,-1,-1,修学旅行に行けない。,-1,-1,[],[]
254,4,-1,-1,そして、京都での再会を逃してしまう。,-1,-1,[],[]
255,4,-1,-1,太郎は何も言えなかった。,-1,-1,[],[]
256,5,-1,-1,その夜、太郎は家に帰ってもずっと考えていた。,-1,-1,[],[]
257,5,-1,-1,桜子が修学旅行に参加できないかもしれない。,-1,-1,[],[]
258,5,-1,-1,昔のように、また離ればなれになってしまうのか。,-1,-1,[],[]
259,5,-1,-1,そんなことは嫌だ。,-1,-1,[],[]
260,5,-1,-1,やっと再会できたのに。,-1,-1,[],[]
261,5,-1,-1,太郎の母が食事の支度をしていた。,-1,-1,[],[]
262,5,19,0,「太郎、どうしたの?ずっと上の空だね」,-1,0,[0],[]
263,5,19,0,「ああ、いや。修学旅行のことでね」,0,0,[0],[]
264,5,-1,-1,太郎は母に事情を説明した。,-1,-1,[],[]
265,5,-1,-1,母はそっと微笑んだ。,-1,-1,[],[]
266,5,19,0,「その子、大切な人なんだね」,-1,0,[0],[]
267,5,19,0,「え......別に」,-1,0,[0],[]
268,5,-1,-1,太郎は顔を赤らめた。,-1,-1,[],[]
269,5,19,0,「正直になるといいよ。人生は短いんだから」,-1,0,[0],[0]
270,5,-1,-1,母がそう言った。,-1,-1,[],[]
271,5,-1,-1,翌日、太郎は桜子に会った。,-1,-1,[],[]
272,5,20,0,「修学旅行、どうなったんですか?」,0,0,[],[]
273,5,20,-1,「はい。家族で京都に行くことに決まりました。申し訳ありません。修学旅行には参加できません」,-1,1,[],[]
274,5,-1,-1,桜子は申し訳なさそうに言った。,-1,-1,[],[]
275,5,20,-1,「そうですか......」,-1,0,[],[]
276,5,-1,-1,太郎の心は沈んだ。,-1,-1,[],[]
277,5,21,1,「太郎君。もし時間があれば......京都で会いませんか?」,1,1,[],[]
278,5,-1,-1,桜子が静かに言った。,-1,-1,[],[]
279,5,-1,-1,太郎の顔が上がった。,-1,-1,[],[]
280,5,21,0,「え?」,0,0,[],[]
281,5,21,1,「我が家は修学旅行と同じ時期に京都に行きます。もしよろしければ、清水寺の前で......」,-1,1,[0],[]
282,5,21,0,「ええ、もちろんです!」,-1,0,[],[]
283,5,-1,-1,太郎は即座に返事をした。,-1,-1,[],[]
284,5,21,1,「そうですか。ありがとうございます」,1,1,[],[]
285,5,-1,-1,桜子は安心したように微笑んだ。,-1,-1,[],[]
286,6,-1,-1,修学旅行まで、残り一週間。,-1,-1,[],[]
287,6,-1,-1,学校は修学旅行の準備で慌ただしくなっていた。,-1,-1,[],[]
288,6,-1,-1,太郎は、京都でのやることを考えていた。,-1,-1,[],[]
289,6,-1,-1,桜子に会う。,-1,-1,[],[]
290,6,-1,-1,その先にあるものは何か。,-1,-1,[],[]
291,6,-1,-1,太郎の心は高ぶっていた。,-1,-1,[],[]
292,6,-1,-1,一方、次郎と花子は太郎の様子に気づいていた。,-1,-1,[],[]
293,6,22,2,「おい、太郎。何か浮かれてないか?」,3,2,[],[]
294,6,-1,-1,次郎が聞いた。,-1,-1,[],[]
295,6,22,2,「浮かれてる?」,0,2,[],[]
296,6,22,2,「そうだろ。朝から笑ってる。何か楽しいことがあるのか」,-1,2,[0],[]
297,6,-1,-1,次郎は太郎の肩を叩いた。,-1,-1,[],[]
298,6,22,0,「別に......」,0,0,[0],[]
299,6,-1,-1,太郎は答えをはぐらかした。,-1,-1,[],[]
300,6,-1,-1,しかし、花子は太郎の顔を見て、何かを理解したようだった。,-1,-1,[],[]
301,6,23,3,「あ、桜子さんと約束したんだ!」,3,3,[],[]
302,6,-1,-1,花子が言った。,-1,-1,[],[]
303,6,23,-1,「え、何で分かるんですか」,-1,0,[],[]
304,6,-1,-1,太郎は驚いた。,-1,-1,[],[]
305,6,23,3,「だって、太郎の笑顔が桜子さんと一緒にいる時と同じだもん」,3,3,[],[]
306,6,-1,-1,花子はニッコリと微笑んだ。,-1,-1,[],[]
307,6,23,2,「花子、何を言ってるんだ」,0,2,[0],[]
308,6,-1,-1,次郎が呆れ顔で言った。,-1,-1,[],[]
309,6,23,2,「本当だよ。太郎、桜子さんのこと好きなんだ。認めちゃいなよ」,3,2,[0],[]
310,6,-1,-1,太郎は顔をかっ赤にした。,-1,-1,[],[]
311,6,23,0,「そ、そんなことは」,0,0,[0],[]
312,6,23,3,「あ、ほら。赤くなった」,3,3,[0],[]
313,6,-1,-1,花子が笑った。,-1,-1,[],[]
314,6,-1,-1,次郎も苦笑した。,-1,-1,[],[]
315,6,23,2,「分かったよ。お前が好きなのは分かった。だったら、修学旅行で桜子に何か伝えてこいよ」,2,2,[0],[]
316,6,-1,-1,次郎が言った。,-1,-1,[],[]
317,6,23,0,「え?」,-1,0,[],[]
318,6,23,2,「そんなの分かりきってるだろ。好きなら好きって言わないと」,2,2,[0],[]
319,6,-1,-1,次郎は太郎の肩を叩いた。,-1,-1,[],[]
320,6,-1,-1,太郎の顔はさらに赤くなった。,-1,-1,[],[]
321,7,-1,-1,修学旅行当日。,-1,-1,[],[]
322,7,-1,-1,バスで京都へ向かう。,-1,-1,[],[]
323,7,-1,-1,太郎は車中で何度も桜子との約束のことを考えていた。,-1,-1,[],[]
324,7,-1,-1,清水寺の前。,-1,-1,[],[]
325,7,-1,-1,午後三時。,-1,-1,[],[]
326,7,-1,-1,その約束を、果たすのだ。,-1,-1,[],[]
327,7,24,2,「おい、太郎。何か落ち着きがないな」,-1,2,[],[]
328,7,-1,-1,次郎が言った。,-1,-1,[],[]
329,7,24,2,「そ、そうですか」,0,2,[],[]
330,7,-1,-1,太郎は否定できなかった。,-1,-1,[],[]
331,7,-1,-1,バスが京都に着いた。,-1,-1,[],[]
332,7,-1,-1,生徒たちは宿に案内される。,-1,-1,[],[]
333,7,-1,-1,太郎たちの班は、伏見稲荷大社を回ることになっていた。,-1,-1,[],[]
334,7,-1,-1,しかし、太郎の心は清水寺にあった。,-1,-1,[],[]
335,7,-1,-1,午後二時になった。,-1,-1,[],[]
336,7,25,-1,「先生、ちょっとトイレに行ってもいいですか」,-1,0,[],[]
337,7,-1,-1,太郎は手を上げた。,-1,-1,[],[]
338,7,25,-1,「いいですか」,-1,-1,[],[]
339,7,25,-1,「ああ、いいよ」,-1,-1,[0],[0]
340,7,-1,-1,林田先生が許可した。,-1,-1,[],[]
341,7,-1,-1,太郎は足速く清水寺へ向かった。,-1,-1,[],[]
342,7,-1,-1,清水寺の門前。,-1,-1,[],[]
343,7,-1,-1,桜子がそこにいた。,-1,-1,[],[]
344,7,-1,-1,同じ学校の制服を着て。,-1,-1,[],[]
345,7,26,1,「太郎君......」,-1,1,[],[]
346,7,-1,-1,桜子が太郎に気づいた。,-1,-1,[],[]
347,7,26,0,「やあ」,0,0,[],[]
348,7,-1,-1,太郎は笑顔で近づいた。,-1,-1,[],[]
349,7,27,-1,「修学旅行なのに来ていただけて......ありがとうございます」,-1,0,[],[]
350,7,27,0,「当たり前だよ。約束したじゃん」,-1,0,[0],[]
351,7,-1,-1,太郎がそう言うと、桜子は微笑んだ。,-1,-1,[],[]
352,8,-1,-1,二人で清水寺の中を歩いた。,-1,-1,[],[]
353,8,-1,-1,古都の風情が、周りを包んでいた。,-1,-1,[],[]
354,8,28,1,「綺麗ですね」,-1,1,[],[]
355,8,-1,-1,桜子が呟いた。,-1,-1,[],[]
356,8,28,0,「そうだね」,-1,0,[],[]
357,8,-1,-1,太郎は桜子の横顔を見ていた。,-1,-1,[],[]
358,8,29,-1,「太郎君。ここには来たことがありますか?」,-1,1,[],[]
359,8,29,0,「初めてだね」,0,0,[],[]
360,8,29,-1,「そうですか。私も......実は来たことはないんです」,-1,1,[],[]
361,8,-1,-1,桜子がそう言った。,-1,-1,[],[]
362,8,29,-1,「そなんですか?」,-1,0,[],[]
363,8,29,-1,「はい。昔京都に来た時は、別のところに行ったんです。清水寺には......」,-1,1,[],[]
364,8,-1,-1,桜子が言葉を濁らせた。,-1,-1,[],[]
365,8,29,-1,「何ですか?」,-1,0,[],[]
366,8,29,1,「いえ。何でもありません」,1,1,[],[]
367,8,-1,-1,桜子は笑顔を作った。,-1,-1,[],[]
368,8,-1,-1,だが、太郎にはその笑顔が無理をしているように見えた。,-1,-1,[],[]
369,8,-1,-1,「桜子さん。何か隠してませんか?」,-1,-1,[],[]
370,8,-1,-1,太郎は思い切って聞いた。,-1,-1,[],[]
371,8,-1,-1,桜子は、清水の舞台の方へ歩いて行った。,-1,-1,[],[]
372,8,-1,-1,太郎も後を追った。,-1,-1,[],[]
373,8,-1,-1,清水の舞台から見える京都の町。,-1,-1,[],[]
374,8,-1,-1,新緑が眼下に広がっていた。,-1,-1,[],[]
375,8,30,-1,「太郎君。実は......お父さんから聞いたんです」,-1,1,[],[]
376,8,-1,-1,桜子が静かに言った。,-1,-1,[],[]
377,8,30,0,「何を?」,0,0,[],[]
378,8,30,-1,「私たちが......また引っ越す可能性があるんです」,-1,1,[],[]
379,8,-1,-1,太郎の心が停止した。,-1,-1,[],[]
380,8,30,0,「え......」,-1,0,[],[]
381,8,30,-1,「おそらく、夏休み前には。アメリカへの転勤が決まったそうです」,-1,1,[],[]
382,8,-1,-1,桜子の声は震えていた。,-1,-1,[],[]
383,8,30,0,「そんな......」,0,0,[],[]
384,8,-1,-1,太郎は何も言えなかった。,-1,-1,[],[]
385,8,-1,-1,やっと再会できたのに。,-1,-1,[],[]
386,8,-1,-1,また離ればなれになってしまうのか。,-1,-1,[],[]
387,9,-1,-1,太郎は桜子の話を聞いた。,-1,-1,[],[]
388,9,31,0,「いつまでですか?」,0,0,[],[]
389,9,31,-1,「分かりません。おそらく、数年だと思います」,-1,1,[],[]
390,9,-1,-1,桜子は目を赤くしていた。,-1,-1,[],[]
391,9,31,0,「そんなの嫌だよ」,-1,0,[0],[]
392,9,-1,-1,太郎は思わず言った。,-1,-1,[],[]
393,9,32,1,「太郎君......」,-1,1,[],[]
394,9,32,0,「だってさ。やっと会えたのに。また別れるなんて」,0,0,[0],[]
395,9,-1,-1,太郎の声は震えていた。,-1,-1,[],[]
396,9,32,1,「太郎君......」,-1,1,[],[]
397,9,-1,-1,桜子は太郎を見つめた。,-1,-1,[],[]
398,9,32,0,「僕は......君のことが好きだよ」,0,0,[0],[0]
399,9,-1,-1,太郎は叫ぶような気持ちで言った。,-1,-1,[],[]
400,9,32,0,「昔の約束とか。そういうのじゃなくて。今の君が好きだ。だから......」,-1,0,[0],[0]
401,9,-1,-1,太郎は桜子の手を握った。,-1,-1,[],[]
402,9,32,0,「だから、別れたくない。勝手だけど......」,0,0,[0],[]
403,9,-1,-1,桜子の瞳から涙が流れた。,-1,-1,[],[]
404,9,32,1,「太郎君。ありがとう」,-1,1,[],[]
405,9,32,1,「ありがとう?」,0,1,[],[]
406,9,32,-1,「はい。好きだと言ってくれて。本当に......ありがとう」,-1,1,[],[]
407,9,-1,-1,桜子は太郎の胸に頭をもたせかけた。,-1,-1,[],[]
408,9,32,0,「だからさ。何かいい方法があるはずだよ」,-1,0,[0],[0]
409,9,-1,-1,太郎は桜子の頭を優しく撫でた。,-1,-1,[],[]
410,9,32,0,「まだ。何も決まったわけじゃない。チャンスは絶対ある」,0,0,[0],[0]
411,9,32,1,「太郎君......」,-1,1,[],[]
412,9,-1,-1,二人は、そのまま京都の町を眺めていた。,-1,-1,[],[]
413,10,-1,-1,修学旅行から帰った翌日。,-1,-1,[],[]
414,10,-1,-1,太郎は学校の職員室に向かった。,-1,-1,[],[]
415,10,-1,-1,林田先生に話しがあった。,-1,-1,[],[]
416,10,33,0,「先生。ちょっと相談があるんです」,0,0,[],[]
417,10,33,-1,「どうした、太郎?」,-1,-1,[0],[]
418,10,-1,-1,先生は筆を置いた。,-1,-1,[],[]
419,10,33,-1,「実は......桜子さんが転校するかもしれないんです。アメリカへの転勤で」,0,-1,[],[]
420,10,33,-1,「そうなのか。聞いていないが......」,-1,-1,[0],[0]
421,10,-1,-1,先生は眉をひそめた。,-1,-1,[],[]
422,10,33,-1,「はい。それで......」,-1,0,[],[]
423,10,-1,-1,太郎は言葉を選んだ。,-1,-1,[],[]
424,10,34,-1,「彼女の気持ちや......考えを聞く時間を作ることはできませんか?」,-1,0,[],[]
425,10,34,-1,「時間を作る?」,-1,-1,[0],[]
426,10,34,-1,「はい。転校が決まる前に」,-1,0,[],[]
427,10,-1,-1,先生は太郎を見つめた。,-1,-1,[],[]
428,10,34,-1,「君、桜子さんのことが大切なんだな」,-1,-1,[0],[0]
429,10,34,0,「はい」,-1,0,[],[]
430,10,-1,-1,太郎は頷いた。,-1,-1,[],[]
431,10,34,-1,「分かった。何かできることがあれば、協力するよ」,-1,-1,[0],[0]
432,10,-1,-1,先生は優しく微笑んだ。,-1,-1,[],[]
433,10,-1,-1,その日の放課後、太郎は次郎と花子に相談した。,-1,-1,[],[]
434,10,35,0,「何かいい方法ないかな」,0,0,[0],[0]
435,10,-1,-1,三人は屋上にいた。,-1,-1,[],[]
436,10,35,2,「そりゃ難しいな。アメリカへの転勤となると、個人でどうこうできる話じゃない」,-1,2,[0],[0]
437,10,-1,-1,次郎が腕を組んで言った。,-1,-1,[],[]
438,10,35,3,「でも、何か方法があるはずだよ」,-1,3,[0],[]
439,10,-1,-1,花子が考えるように呟いた。,-1,-1,[],[]
440,10,35,0,「例えば?」,-1,0,[],[]
441,10,-1,-1,太郎は花子に期待した。,-1,-1,[],[]
442,10,35,3,「例えば......桜子さんの両親に会って、頼み込むとか?」,-1,3,[0],[]
443,10,35,0,「え......」,-1,0,[],[]
444,10,-1,-1,太郎は驚いた。,-1,-1,[],[]
445,10,35,3,「それが一番だと思うけど」,-1,3,[0],[]
446,10,-1,-1,花子は真剣な顔で言った。,-1,-1,[],[]
447,10,35,0,「できるだろうか」,-1,0,[],[]
448,10,-1,-1,太郎は呟いた。,-1,-1,[],[]
449,10,35,2,「やってみないと分からないだろ」,2,2,[0],[]
450,10,-1,-1,次郎が太郎の肩を叩いた。,-1,-1,[],[]
451,11,-1,-1,その晩、太郎は桜子に電話をした。,-1,-1,[],[]
452,11,36,-1,「太郎君。どうしましたか?」,-1,1,[],[]
453,11,-1,-1,電話越しに、桜子の優しい声が聞こえた。,-1,-1,[],[]
454,11,36,0,「あ、桜子さん。実は明日、一緒にどこか行きませんか?」,0,0,[0],[]
455,11,36,1,「明日ですか?」,1,1,[],[]
456,11,36,0,「そうだね。放課後。時間があれば」,-1,0,[0],[]
457,11,-1,-1,電話の向こうで、桜子は少し沈黙した。,-1,-1,[],[]
458,11,36,-1,「分かりました。どこに行きたいんですか?」,-1,1,[],[]
459,11,36,-1,「公園。あの桜の木がある」,-1,1,[0],[]
460,11,36,-1,「分かりました。明日、お待ちしています」,-1,1,[],[]
461,11,-1,-1,電話が切れた。,-1,-1,[],[]
462,11,-1,-1,太郎の心臓は高鳴っていた。,-1,-1,[],[]
463,11,-1,-1,翌日の放課後。,-1,-1,[],[]
464,11,-1,-1,公園の桜の木の前で、太郎と桜子は向き合った。,-1,-1,[],[]
465,11,-1,-1,春はもう過ぎ、初夏の日差しが降り注いでいた。,-1,-1,[],[]
466,11,-1,-1,「桜子さん」,-1,-1,[],[]
467,11,-1,-1,太郎が口を開いた。,-1,-1,[],[]
468,11,37,-1,「はい。何ですか?」,-1,0,[],[]
469,11,37,-1,「アメリカへの転勤。もう決まったのですか?」,-1,0,[],[]
470,11,-1,-1,太郎は思い切って聞いた。,-1,-1,[],[]
471,11,37,-1,「はい。お父さんから正式に聞きました。七月に出発することになります」,-1,1,[],[]
472,11,-1,-1,桜子は顔を伏せた。,-1,-1,[],[]
473,11,37,0,「そっか......」,-1,0,[0],[]
474,11,-1,-1,太郎も伏せかけた顔を上げた。,-1,-1,[],[]
475,11,37,0,「でもね。僕は諦めない。君と別れたくない」,0,0,[0],[0]
476,11,37,1,「太郎君......」,-1,1,[],[]
477,11,37,0,「だから、お父さんとお母さんに会わせてくれませんか。僕の気持ちを伝えたいんだ」,0,0,[],[]
478,11,-1,-1,桜子の目が大きく開いた。,-1,-1,[],[]
479,11,37,1,「え......」,-1,1,[],[]
480,11,37,0,「君が好きだ。だから、日本に残ってほしい。もし残れなくても、いつか絶対に帰ってきてほしい」,0,0,[0],[0]
481,11,-1,-1,太郎の声は震えていたが、強かった。,-1,-1,[],[]
482,11,37,1,「太郎君......」,-1,1,[],[]
483,11,-1,-1,桜子は涙ぐんだ。,-1,-1,[],[]
484,11,37,-1,「分かりました。両親に会わせます。いつ来ていただけますか?」,0,1,[],[]
485,11,37,0,「明日でもいい」,-1,0,[0],[]
486,11,-1,-1,太郎は即座に答えた。,-1,-1,[],[]
487,11,-1,-1,「分かりました。明日の晩、我が家に来てください」,-1,-1,[],[]
488,12,-1,-1,翌晩。,-1,-1,[],[]
489,12,-1,-1,太郎は緊張しながら、桜子の家へ向かっていた。,-1,-1,[],[]
490,12,-1,-1,玄関のチャイムを鳴らした。,-1,-1,[],[]
491,12,38,1,「太郎君。来ていただきありがとうございます」,1,1,[],[]
492,12,-1,-1,桜子がドアを開けた。,-1,-1,[],[]
493,12,-1,-1,彼女も緊張していた。,-1,-1,[],[]
494,12,38,-1,「では、居間へ」,0,1,[],[]
495,12,-1,-1,太郎は導かれた。,-1,-1,[],[]
496,12,-1,-1,居間には、桜子の両親が座っていた。,-1,-1,[],[]
497,12,39,-1,「こんばんは。太郎と申します」,-1,0,[],[]
498,12,-1,-1,太郎は深く頭を下げた。,-1,-1,[],[]
499,12,39,-1,「こちらこそ。桜子がお世話になっています」,-1,1,[],[]
500,12,-1,-1,父親が言った。,-1,-1,[],[]
501,12,39,-1,「いえ。あの、実は...」,-1,0,[],[]
502,12,-1,-1,太郎は勇気を絞り出した。,-1,-1,[],[]
503,12,39,-1,「僕は、桜子さんが好きです」,-1,0,[],[]
504,12,-1,-1,居間が静まり返った。,-1,-1,[],[]
505,12,-1,-1,母親が微かに微笑んだ。,-1,-1,[],[]
506,12,39,-1,「そうですか。娘から聞いています」,-1,1,[],[]
507,12,39,0,「え?」,-1,0,[],[]
508,12,-1,-1,太郎は驚いた。,-1,-1,[],[]
509,12,39,-1,「ええ。昨晩、桜子が全て話してくれました。昔あなたに会っていたこと。そして、今...」,-1,1,[],[]
510,12,-1,-1,父親が言った。,-1,-1,[],[]
511,12,39,-1,「で、ですから...」,-1,1,[],[]
512,12,-1,-1,太郎は膝をついた。,-1,-1,[],[]
513,12,39,-1,「アメリカへの転勤。何とか...日本に残ることはできないでしょうか」,-1,0,[],[]
514,12,-1,-1,父親は複雑な表情で呟いた。,-1,-1,[],[]
515,12,39,-1,「それが...」,-1,0,[],[]
516,12,39,0,「実は、この転勤は...」,-1,0,[0],[]
517,12,-1,-1,父親は言葉を選んだ。,-1,-1,[],[]
518,12,40,0,「会社からの強い要望なんだ。責任ある立場だからね」,-1,0,[0],[]
519,12,40,0,「そんな...」,0,0,[],[]
520,12,-1,-1,太郎は落胆した。,-1,-1,[],[]
521,12,-1,-1,しかし、母親が口を開いた。,-1,-1,[],[]
522,12,41,-1,「でも、一つ方法がないわけではないんです」,-1,-1,[],[]
523,12,41,0,「え?」,-1,0,[],[]
524,12,41,-1,「娘が日本に残りたいと強く望めば...」,-1,-1,[],[]
525,12,-1,-1,母親は太郎を見つめた。,-1,-1,[],[]
526,12,41,-1,「学生寮に入るとか、親戚に預けるとか。そういう選択肢もあります」,-1,-1,[],[]
527,12,41,-1,「本当ですか?」,-1,0,[],[]
528,12,-1,-1,太郎の顔が上がった。,-1,-1,[],[]
529,12,41,-1,「ただし、本人の強い意志が必要ですね」,-1,-1,[],[]
530,12,-1,-1,父親が言った。,-1,-1,[],[]
531,12,42,0,「桜子さん。どうですか?」,0,0,[0],[]
532,12,-1,-1,太郎は桜子を見た。,-1,-1,[],[]
533,12,-1,-1,桜子は涙ながら言った。,-1,-1,[],[]
534,12,42,1,「私...日本に残りたいです。太郎君と一緒にいたいです」,1,1,[],[]
535,12,-1,-1,母親が桜子に近づいた。,-1,-1,[],[]
536,12,42,-1,「そう決めたのなら...」,-1,-1,[0],[0]
537,12,-1,-1,母親は娘の頭を撫でた。,-1,-1,[],[]
538,12,42,-1,「お父さんも、お母さんも応援するわ」,-1,-1,[0],[]
539,12,-1,-1,父親も頷いた。,-1,-1,[],[]
540,12,-1,-1,その後、太郎と桜子は公園の桜の木の下で座った。,-1,-1,[],[]
541,12,-1,-1,昼間ではなく、初夏の夜だった。,-1,-1,[],[]
542,12,43,-1,「太郎君。本当にありがとうございます」,-1,1,[],[]
543,12,43,0,「いや。僕こそ」,0,0,[0],[]
544,12,-1,-1,太郎は笑った。,-1,-1,[],[]
545,12,44,-1,「親戚の家に預けてもらえるなら、日本に残れます」,-1,0,[],[]
546,12,44,-1,「そうだね。良かった」,-1,-1,[0],[0]
547,12,-1,-1,太郎は桜子の手を握った。,-1,-1,[],[]
548,12,45,1,「太郎君...」,-1,1,[],[]
549,12,45,0,「ん?」,0,0,[],[]
550,12,45,1,「これからも...ずっと一緒にいてくれますか?」,-1,1,[],[]
551,12,-1,-1,桜子の目には、涙が溜まっていた。,-1,-1,[],[]
552,12,45,0,「当たり前だよ。約束したから」,-1,0,[0],[]
553,12,-1,-1,太郎は笑った。,-1,-1,[],[]
554,12,45,-1,「昔の約束。覚えていますか?」,-1,1,[],[]
555,12,45,0,「何の?」,-1,0,[],[]
556,12,45,0,「桜のことをずっと覚えていてくれるって...」,-1,1,[0],[0]
557,12,-1,-1,桜子がそう言った時、太郎は彼女を抱きしめた。,-1,-1,[],[]
558,12,-1,-1,「覚えてるに決まってる。君のことは...絶対に忘れない」,-1,-1,[],[]
559,13,-1,-1,転勤の危機は去った。,-1,-1,[],[]
560,13,-1,-1,翌週から、太郎と桜子の関係は学校でも知られるようになった。,-1,-1,[],[]
561,13,46,3,「あ、太郎と桜子さんが付き合ってるんだって」,-1,3,[],[]
562,13,-1,-1,花子が言った時、太郎は顔を真っ赤にした。,-1,-1,[],[]
563,13,46,3,「付き合ってる?」,-1,3,[],[]
564,13,46,3,「だって、いつも一緒にいるじゃん。もう付き合ってるのと同じだよ」,3,3,[0],[]
565,13,-1,-1,花子はニッコリと笑った。,-1,-1,[],[]
566,13,-1,-1,次郎も太郎を叩いた。,-1,-1,[],[]
567,13,47,2,「よかったな。最初の頃の上の空みたいな状態から、やっと進んだか」,2,2,[0],[0]
568,13,47,0,「う...うるさいよ」,0,0,[0],[]
569,13,-1,-1,太郎は顔を隠した。,-1,-1,[],[]
570,13,-1,-1,しかし、心の中は喜びで満ちていた。,-1,-1,[],[]
571,13,-1,-1,その日の放課後。,-1,-1,[],[]
572,13,-1,-1,太郎と桜子は、いつもの公園に向かった。,-1,-1,[],[]
573,13,48,1,「太郎君。本当に...私のために頑張ってくれてありがとうございます」,1,1,[],[]
574,13,48,0,「そんな。当たり前だよ」,0,0,[0],[]
575,13,-1,-1,太郎が言うと、桜子は太郎の腕に寄りかかった。,-1,-1,[],[]
576,13,48,-1,「でも、本当に嬉しいです。太郎君のおかげで...私はここにいられます」,-1,1,[],[]
577,13,48,0,「そっか」,0,0,[],[]
578,13,-1,-1,太郎は空を見上げた。,-1,-1,[],[]
579,13,-1,-1,初夏の空は、清々しく澄んでいた。,-1,-1,[],[]
580,14,-1,-1,六月も終わりに近づいた。,-1,-1,[],[]
581,14,-1,-1,学校では、夏祭りの話題で盛り上がっていた。,-1,-1,[],[]
582,14,49,2,「太郎。夏祭りに行かないか」,-1,2,[0],[]
583,14,-1,-1,次郎が誘った。,-1,-1,[],[]
584,14,49,0,「夏祭り?」,0,0,[],[]
585,14,49,2,「そうだ。毎年この季節にあるんだよ。花火も出るし」,-1,2,[0],[]
586,14,-1,-1,次郎は楽しそうに言った。,-1,-1,[],[]
587,14,50,2,「花子も一緒?」,-1,2,[],[]
588,14,50,2,「ああ。それにな...」,-1,2,[0],[]
589,14,-1,-1,次郎は太郎に耳打ちした。,-1,-1,[],[]
590,14,50,2,「お前と桜子も来たらいいんじゃないか」,-1,2,[0],[]
591,14,50,0,「え...」,-1,0,[],[]
592,14,-1,-1,太郎は顔を赤らめた。,-1,-1,[],[]
593,14,50,2,「四人で行けば、楽しいだろ」,-1,2,[0],[]
594,14,-1,-1,次郎が言った時、太郎は桜子のことを思った。,-1,-1,[],[]
595,14,-1,-1,桜子に夏祭りへの誘いをしたら、どう反応するだろう。,-1,-1,[],[]
596,14,-1,-1,その日の放課後。,-1,-1,[],[]
597,14,51,0,「桜子さん。よかったら...夏祭りに行きませんか」,-1,0,[0],[]
598,14,-1,-1,太郎が恐る恐る聞いた。,-1,-1,[],[]
599,14,51,1,「夏祭りですか?」,1,1,[],[]
600,14,51,-1,「はい。次郎と花子も行くって。四人で」,-1,0,[],[]
601,14,51,1,「分かりました。喜んでお付き合いします」,1,1,[],[]
602,14,-1,-1,桜子は微笑んだ。,-1,-1,[],[]
603,14,-1,-1,太郎の心は躍った。,-1,-1,[],[]
604,14,-1,-1,祭りの夜。,-1,-1,[],[]
605,14,-1,-1,太郎と桜子は、次郎と花子と待ち合わせた。,-1,-1,[],[]
606,14,-1,-1,夏の夜は、多くの屋台で賑わっていた。,-1,-1,[],[]
607,14,52,3,「わあ!綺麗だよ!」,-1,3,[0],[]
608,14,-1,-1,花子が興奮して周りを見回った。,-1,-1,[],[]
609,14,52,2,「落ち着けよ。まだ始まったばかりだ」,2,2,[0],[0]
610,14,-1,-1,次郎が笑った。,-1,-1,[],[]
611,14,-1,-1,四人は屋台を回った。,-1,-1,[],[]
612,14,53,3,「太郎、たこ焼き食べたい!」,-1,3,[0],[]
613,14,-1,-1,花子がせがんだ。,-1,-1,[],[]
614,14,53,0,「分かったよ。買ってきますね」,0,0,[0],[]
615,14,-1,-1,太郎が立ち上がると、桜子も立ち上がった。,-1,-1,[],[]
616,14,53,-1,「太郎君。一緒に行ってもいいですか?」,-1,1,[],[]
617,14,53,0,「いいですよ」,0,0,[],[]
618,14,-1,-1,二人は屋台の列へ歩いていった。,-1,-1,[],[]
619,14,-1,-1,花火が上がるまで、まだ時間があった。,-1,-1,[],[]
620,14,-1,-1,屋台で買い物をしながら、太郎は桜子と夏祭りを楽しんだ。,-1,-1,[],[]
621,14,54,-1,「太郎君。綺麗ですね」,-1,1,[],[]
622,14,-1,-1,桜子が空を指した。,-1,-1,[],[]
623,14,-1,-1,提灯が灯る中で、初夏の星々が輝いていた。,-1,-1,[],[]
624,14,54,0,「そうだね」,0,0,[],[]
625,14,-1,-1,太郎は桜子を見つめた。,-1,-1,[],[]
626,14,55,0,「でも、君の方が綺麗だよ」,0,0,[0],[0]
627,14,55,1,「太郎君...」,1,1,[],[]
628,14,-1,-1,桜子は顔を赤らめた。,-1,-1,[],[]
629,14,-1,-1,そこへ、花子が走ってきた。,-1,-1,[],[]
630,14,-1,-1,「あ!もう花火始まるよ!」,-1,-1,[],[]
631,14,-1,-1,三人が急いで戻ると、すぐに花火が上がった。,-1,-1,[],[]
632,14,-1,-1,夏の夜空を、色とりどりの花火が彩った。,-1,-1,[],[]
633,14,-1,-1,太郎は桜子の手を握った。,-1,-1,[],[]
634,14,-1,-1,桜子は、抵抗せず、その手を握り返した。,-1,-1,[],[]
635,15,-1,-1,七月に入った。,-1,-1,[],[]
636,15,-1,-1,太郎と桜子は、公園の桜の木の下で座っていた。,-1,-1,[],[]
637,15,-1,-1,季節は初夏から真夏へと変わろうとしていた。,-1,-1,[],[]
638,15,56,-1,「太郎君。決めたことがあります」,-1,1,[],[]
639,15,-1,-1,桜子が静かに言った。,-1,-1,[],[]
640,15,56,0,「何ですか?」,0,0,[],[]
641,15,56,-1,「私...学園を変わらずに、親戚の家から通うことになりました」,-1,1,[],[]
642,15,56,0,「本当ですか」,-1,0,[],[]
643,15,-1,-1,太郎は喜んだ。,-1,-1,[],[]
644,15,56,-1,「はい。両親と話し合って、決めました」,-1,1,[],[]
645,15,56,0,「良かった」,-1,0,[],[]
646,15,-1,-1,太郎は桜子に抱きついた。,-1,-1,[],[]
647,15,57,0,「離れずにいられるね」,-1,0,[0],[]
648,15,57,1,「はい。太郎君のおかげです」,1,1,[],[]
649,15,-1,-1,桜子は太郎の背中を優しく抱いた。,-1,-1,[],[]
650,15,-1,-1,夏休みが始まった。,-1,-1,[],[]
651,15,-1,-1,太郎は、次郎と花子と、桜子も誘って、山へキャンプに行くことにした。,-1,-1,[],[]
652,15,-1,-1,「やったな。キャンプだ」,-1,-1,[],[]
653,15,-1,-1,次郎が張り切って言った。,-1,-1,[],[]
654,15,-1,-1,「花火大会もあるし、楽しいね」,-1,-1,[],[]
655,15,-1,-1,花子も興奮していた。,-1,-1,[],[]
656,15,-1,-1,桜子は、初めてのキャンプに少し不安そうだったが、太郎の笑顔を見て安心したようだった。,-1,-1,[],[]
657,15,-1,-1,山の中で、四人はテントを張った。,-1,-1,[],[]
658,15,-1,-1,夜になると、焚き火を囲んで、みんなで談笑した。,-1,-1,[],[]
659,15,58,2,「太郎。告白の時はどうだった?」,-1,2,[0],[]
660,15,-1,-1,次郎がいたずらっぽく聞いた。,-1,-1,[],[]
661,15,58,0,「う...別に」,0,0,[0],[]
662,15,-1,-1,太郎は顔を赤らめた。,-1,-1,[],[]
663,15,58,0,「いや、本当だろ。あんなに上の空だったのに」,2,0,[0],[]
664,15,58,1,「次郎君...」,-1,1,[],[]
665,15,-1,-1,桜子が小さく笑った。,-1,-1,[],[]
666,15,58,-1,「実は、太郎君の気持ちは分かっていました」,2,1,[],[]
667,15,58,3,「え?本当?」,-1,3,[],[]
668,15,-1,-1,花子が身を乗り出した。,-1,-1,[],[]
669,15,58,-1,「はい。顔に出ていました」,-1,1,[],[]
670,15,58,0,「ああ、そっか。隠せてなかったんだ」,-1,0,[0],[0]
671,15,-1,-1,太郎は苦笑した。,-1,-1,[],[]
672,15,58,-1,「でも、太郎君がちゃんと気持ちを伝えてくれたから...」,-1,1,[],[]
673,15,-1,-1,桜子は太郎を見つめた。,-1,-1,[],[]
674,15,58,-1,「私も、本当に嬉しかった」,-1,1,[],[]
675,15,-1,-1,焚き火の炎が、その顔を優しく照らしていた。,-1,-1,[],[]
676,16,-1,-1,八月中旬。,-1,-1,[],[]
677,16,-1,-1,太郎は、桜子と毎日を過ごしていた。,-1,-1,[],[]
678,16,-1,-1,朝は、親戚の家に桜子を迎えに行き、昼間は二人で町を歩き、夜は一緒に家に帰る。,-1,-1,[],[]
679,16,-1,-1,そんな日々が続いていた。,-1,-1,[],[]
680,16,59,-1,「太郎君。今日も素敵な日ですね」,-1,1,[],[]
681,16,-1,-1,毎日、桜子はそう言った。,-1,-1,[],[]
682,16,59,0,「そうだね。君がいるからね」,0,0,[0],[0]
683,16,-1,-1,太郎は笑った。,-1,-1,[],[]
684,16,-1,-1,公園の桜の木の下で、二人は座った。,-1,-1,[],[]
685,16,-1,-1,昔と同じ場所。,-1,-1,[],[]
686,16,-1,-1,だが、今は違う意味を持つ場所。,-1,-1,[],[]
687,16,60,-1,「太郎君。私...ずっと考えていたんです」,-1,1,[],[]
688,16,60,0,「何を?」,0,0,[],[]
689,16,60,-1,「昔、別れた時。太郎君は私のことを覚えてくれていた」,-1,1,[],[]
690,16,60,0,「ああ」,-1,0,[],[]
691,16,60,-1,「それで...今、また会えた。そして...」,-1,1,[0],[]
692,16,-1,-1,桜子は太郎の目を見つめた。,-1,-1,[],[]
693,16,60,1,「また別れることがないように...私も、太郎君のことを忘れず、覚えていようと思うんです」,1,1,[],[]
694,16,60,0,「桜子さん...」,0,0,[],[]
695,16,-1,-1,太郎は何も言わず、桜子を抱きしめた。,-1,-1,[],[]
696,16,-1,-1,九月になった。,-1,-1,[],[]
697,16,-1,-1,学園祭の準備が始まった。,-1,-1,[],[]
698,16,-1,-1,太郎と桜子は、同じクラスで模擬店をすることになった。,-1,-1,[],[]
699,16,61,0,「何をしようか」,1,0,[0],[0]
700,16,-1,-1,太郎が聞いた。,-1,-1,[],[]
701,16,61,-1,「何でもいいですね」,-1,1,[],[]
702,16,-1,-1,桜子は笑った。,-1,-1,[],[]
703,16,62,-1,「では...カフェにしましょう。私がケーキを焼きます」,-1,1,[],[]
704,16,62,0,「本当?」,-1,0,[],[]
705,16,-1,-1,太郎は驚いた。,-1,-1,[],[]
706,16,62,-1,「はい。自信があります」,-1,1,[],[]
707,16,-1,-1,桜子の笑顔は輝いていた。,-1,-1,[],[]
708,16,-1,-1,その日から、放課後になると、桜子は学校の調理室でケーキを焼いた。,-1,-1,[],[]
709,16,-1,-1,太郎はそばで手伝った。,-1,-1,[],[]
710,16,63,0,「今日もいい香りだね」,0,0,[0],[]
711,16,63,1,「ありがとうございます」,1,1,[],[]
712,16,-1,-1,桜子は笑った。,-1,-1,[],[]
713,16,-1,-1,次郎と花子も、手伝いに来た。,-1,-1,[],[]
714,16,63,3,「へえ。桜子さん、こんなに上手いんだ」,3,3,[0],[]
715,16,-1,-1,花子が驚いた。,-1,-1,[],[]
716,16,63,1,「実は、洋菓子が好きなんです。お父さんがフランスにいた時に、いろいろ学びました」,1,1,[],[]
717,16,63,3,「フランス!すごい」,3,3,[],[]
718,16,-1,-1,花子が羨ましそうに言った。,-1,-1,[],[]
719,16,-1,-1,九月末の学園祭。,-1,-1,[],[]
720,16,-1,-1,太郎たちのカフェは大繁盛した。,-1,-1,[],[]
721,16,-1,-1,来客の途切れることがない。,-1,-1,[],[]
722,16,-1,-1,しかし、太郎と桜子は疲れを見せず、常に笑顔で対応した。,-1,-1,[],[]
723,16,64,2,「こんなに来るとは思わなかったな」,1,2,[0],[]
724,16,-1,-1,次郎が笑った。,-1,-1,[],[]
725,16,64,3,「クオリティが高いからだ」,3,3,[0],[0]
726,16,-1,-1,花子が桜子をほめた。,-1,-1,[],[]
727,17,-1,-1,学園祭は二日間行われた。,-1,-1,[],[]
728,17,-1,-1,二日目の夜。,-1,-1,[],[]
729,17,-1,-1,太郎たちの屋台も営業を終えた。,-1,-1,[],[]
730,17,-1,-1,学校の中庭では、フェスティバルが開かれていた。,-1,-1,[],[]
731,17,-1,-1,音楽が流れ、提灯が灯されていた。,-1,-1,[],[]
732,17,65,-1,「太郎君。踊りませんか?」,-1,1,[],[]
733,17,-1,-1,桜子が手を差し伸べた。,-1,-1,[],[]
734,17,65,0,「え?」,0,0,[],[]
735,17,65,-1,「この曲。素敵だと思うんです」,0,1,[],[]
736,17,-1,-1,太郎は桜子の手を握った。,-1,-1,[],[]
737,17,-1,-1,音楽に合わせて、二人はゆっくり踊った。,-1,-1,[],[]
738,17,-1,-1,周りには次郎と花子もいたが、太郎たちの世界は、その二人だけになっていた。,-1,-1,[],[]
739,17,66,-1,「太郎君。ありがとうございます」,3,1,[],[]
740,17,66,0,「何ですか?」,0,0,[],[]
741,17,66,-1,「私を支えてくれて。日本に残してくれて。そして...」,-1,1,[],[]
742,17,-1,-1,桜子は太郎の胸で呟いた。,-1,-1,[],[]
743,17,66,-1,「私のことを好きでいてくれて」,-1,1,[],[]
744,17,66,0,「当たり前だよ。君は...僕の大切な人だから」,0,0,[0],[0]
745,17,-1,-1,太郎は桜子の頭をそっと撫でた。,-1,-1,[],[]
746,17,-1,-1,十月になった。,-1,-1,[],[]
747,17,-1,-1,学園祭の興奮も冷め、学校は通常運営に戻った。,-1,-1,[],[]
748,17,-1,-1,太郎と桜子は相変わらず毎日を過ごしていた。,-1,-1,[],[]
749,17,-1,-1,しかし、その日常の中に、深い絆が生まれていた。,-1,-1,[],[]
750,17,67,-1,「太郎君。告白してくれた時のこと...覚えていますか?」,-1,1,[],[]
751,17,-1,-1,桜子が聞いた。,-1,-1,[],[]
752,17,67,0,「もちろん。あの時は...緊張したね」,0,0,[0],[]
753,17,-1,-1,太郎は笑った。,-1,-1,[],[]
754,17,67,-1,「私も...実は怖かったんです」,-1,1,[],[]
755,17,67,1,「怖かった?」,-1,1,[],[]
756,17,67,-1,「はい。昔別れた時のような...悲しみが来るんじゃないか...」,-1,1,[],[]
757,17,-1,-1,桜子の声が震えた。,-1,-1,[],[]
758,17,67,-1,「でも、太郎君は...来てくれた。そして...」,-1,1,[],[]
759,17,67,0,「そして?」,-1,0,[],[]
760,17,67,-1,「一緒にいてくれるんですね」,-1,1,[],[]
761,17,-1,-1,太郎は桜子の手を握った。,-1,-1,[],[]
762,17,-1,-1,「ああ。絶対に離さないよ」,-1,-1,[],[]
